nom_original,nouveau_nom
Footer 1.jpg,mon-mot-cle-footer-1-01-2.jpg
galerie 10.jfif,mon-mot-cle-galerie-10-02.jfif
galerie 11.jfif,mon-mot-cle-galerie-11-03.jfif
galerie 12.jfif,mon-mot-cle-galerie-12-04.jfif
galerie 13.jfif,mon-mot-cle-galerie-13-05.jfif
galerie 14.jfif,mon-mot-cle-galerie-14-06.jfif
galerie 15.jfif,mon-mot-cle-galerie-15-07.jfif
galerie 16.jfif,mon-mot-cle-galerie-16-08.jfif
galerie 17.jfif,mon-mot-cle-galerie-17-09.jfif
galerie 18.jfif,mon-mot-cle-galerie-18-10.jfif
galerie 2.jfif,mon-mot-cle-galerie-2-11.jfif
galerie 4.jfif,mon-mot-cle-galerie-4-12.jfif
galerie 5.jfif,mon-mot-cle-galerie-5-13.jfif
galerie 6.jfif,mon-mot-cle-galerie-6-14.jfif
galerie 7.jfif,mon-mot-cle-galerie-7-15.jfif
galerie 8.jfif,mon-mot-cle-galerie-8-16.jfif
galerie 9.jfif,mon-mot-cle-galerie-9-17.jfif
galerie.jfif,mon-mot-cle-galerie-18.jfif
